Characteristics,ALL,016,089,101,102,103,104,105,106,107,108,110,120,131,139,141,142,143,151,152,161,162,170,181,182,191,192,201,202,203,210,221,222,231,239,241,242,243,251,252,259,261,262,263,264,265,266,267,268,271,272,273,274,275,279,281,282,291,292,293,301,302,303,304,309,310,321,322,323,324,325,329,331,332,381,382,383,581,Others
Number Of Factories,211660,4338,93,115,436,1052,3307,1493,18549,8394,677,1815,3493,13212,5372,6233,22,2971,1964,2108,1398,2728,6120,4431,12,678,752,4486,6629,87,4658,2697,9155,846,22034,5771,1707,3770,4348,82,10413,1072,154,237,310,523,105,112,3,2832,454,1399,569,925,1015,6203,5686,220,624,4295,125,373,57,29,1892,1413,1384,15,168,98,339,779,630,106,3,40,139,205,8678
Fixed Capital,160700652,417647,14083,113506,135663,531916,1614818,704491,1498637,5379775,149963,1941742,260784,9565529,1291381,1164110,682,555989,224058,404528,17679,431858,3535209,1341288,5839,478774,14917454,9036289,2850523,558867,5591706,1788220,2920123,910100,10014794,27579833,5256427,2011335,1663451,14140,2846897,501733,399091,422030,727186,170419,63337,19859,2114,1476448,436294,790756,262387,606605,440888,3006035,2177096,4211590,385340,5182478,917435,185271,61117,1457,1223225,257695,331557,20243,25526,19814,172704,223989,215942,45325,3650,30736,9193,238674,15695304
Working Capital,62036285,596948,4173,101151,89572,286403,1213531,437352,2415254,1781125,159148,910494,412622,1883992,696985,1145366,3449,250818,131719,212694,34257,262347,968631,318269,20347,374690,3755320,3375419,1634262,201322,3986254,465977,1319115,283474,2662886,7555298,4131593,893594,689480,20028,1275471,582409,8030,2338,801882,306947,175893,51792,301,2150290,294106,912810,143414,370821,314881,2287307,1955542,-2525702,107646,1420590,504346,182127,8918,1850,510131,151130,1337791,25983,23081,24120,196022,256934,144870,66238,9339,10179,58748,109907,2092443
Invested Capital,239358002,1330763,17990,188412,301830,860600,3736576,1187202,5153027,10616614,353166,2530689,755105,14504571,2086226,2275377,2275,1012094,502290,835658,46291,813901,4536077,1717669,11355,927521,22180683,11752066,4777478,749378,8509306,2586321,4242746,1131409,12460291,36496712,7197762,3086107,3190190,26976,4263415,833058,587031,634235,1293645,423758,140403,33750,2940,3138151,780741,1448278,406703,1049858,741408,5184458,4344753,5731246,550806,6929382,1948637,407108,78236,3225,1774951,479411,1529714,28007,54255,32134,340350,379836,275785,110212,4249,30979,130976,281843,18259376
Outstanding Loans,82563795,515129,3505,53752,99630,434934,1005859,402903,1698063,3854531,123683,864047,130168,7203663,936815,900802,430,404688,120821,206142,25700,312557,1950886,721943,11803,210689,2845119,3378801,1579783,159381,2845566,462690,2037721,279847,4438034,15260907,3533922,1073092,666072,5286,1301714,392224,89450,380078,553484,138595,37116,18430,38,967929,311773,690560,101321,606152,224098,1823979,1294770,1294921,269915,2108185,664924,66417,26525,1637,512748,166222,484123,13220,18120,94437,141598,123306,51069,23520,45,25487,21849,61837,6702610
Number of Workers,9901970,96929,5208,14187,27296,46323,89809,78961,277865,639195,26131,99700,392946,1027578,209564,545231,422,198867,74766,176658,7413,54780,196273,102851,173,27323,57984,180191,268246,18708,287665,140171,260465,56849,683005,517292,88980,161683,238246,2458,282517,67538,14903,23243,22584,22555,7481,3322,92,161529,31049,66745,40670,38621,37544,250821,211603,91470,38169,429435,27532,30269,3218,417,148412,44129,105203,767,8428,2495,20344,40572,28279,6869,430,1422,4669,8025,200206
Total Persons Engaged,12694853,119635,5931,17497,32935,57599,116761,112402,364301,795349,36938,127816,412422,1198802,252056,638483,515,233964,90587,202070,9976,70866,249019,158253,737,33450,80901,259132,346965,23920,470138,173524,338317,70506,854743,683351,120404,207944,295064,3057,368542,93456,19400,32163,32065,37258,10141,4561,165,227407,41667,85388,49356,49916,52894,368715,309266,128152,47391,540007,33214,38618,4588,632,183704,57704,132555,1214,10221,3078,28409,50493,36829,10733,510,1945,5663,16715,313786
Wages to Workers,8564552,34440,2202,11470,17366,28764,59038,89126,130370,389960,20112,83228,127460,745748,140553,361661,284,122142,47606,107910,3604,32678,170648,94330,200,40897,188054,265723,205417,26617,296482,135694,185018,44669,414299,657160,157142,148109,267881,1712,229631,75525,14184,21181,29463,26236,12465,2857,79,212666,33988,55086,30797,30329,30674,290815,232905,207528,43111,439097,43670,28477,3933,316,165384,40966,111405,1739,5214,1562,21194,25050,42395,9124,381,1040,2623,13636,172053
Total Emolumnets,18329574,60940,3227,19593,28530,56345,117553,195248,231127,723588,46009,168508,170114,1161025,241421,620793,580,189981,80527,165099,5461,63446,330460,282788,1506,62733,409616,691282,513388,49380,1017759,247206,401726,92913,816877,1466798,300914,285996,498731,3051,474755,184197,46033,64900,123666,128273,27302,8311,241,537016,79376,145491,60250,80041,81771,820099,699022,486417,95512,890855,78656,56907,9618,885,314892,92454,185307,4604,10535,3784,54994,59388,82305,23305,651,2082,4310,53708,435423
Prov. Fund and Other Welfare Exp.,2960431,6402,384,2340,3114,8801,11803,45676,16105,110865,5193,25832,25050,166785,28998,78413,26,16102,11240,23515,384,7906,51535,40952,151,9409,154648,159637,88899,11054,142305,44981,45080,13919,122457,252625,65822,41255,55272,533,60289,33137,7246,10328,21319,21798,3408,1101,17,90833,14316,21902,9270,13407,11772,144215,117922,103847,17632,150344,16401,8956,1624,318,51733,10724,19497,1014,1638,488,8660,8383,8557,3989,48,298,530,7571,60430
Fuels Consumed,19542403,48911,1911,22287,27546,39047,252196,143444,308358,554566,37393,171417,26471,1831678,144172,107636,72,54040,30493,48700,2271,51574,653339,67541,241,30223,648640,1711374,402287,110458,444700,230935,406629,229475,2574442,4051107,859469,494465,123947,1098,306832,42370,25038,8510,50778,10135,3051,1290,242,83591,41974,76905,31397,54451,22206,175958,140057,174150,16540,424551,11728,22603,1411,166,135575,29680,20317,331,3404,733,13657,17456,10368,4146,303,1976,1730,9195,623048
Materials Consumed,302044142,4355735,1974,622158,872251,582392,11337434,4878625,9743985,10329662,1687186,2221092,1252068,14608301,2235864,2692591,3952,1357387,807484,1270688,153279,871993,3676365,1483956,1659,987874,56050334,13040947,8082699,901522,6603403,3690342,6428353,537104,5205934,30185991,7661473,3954153,4340889,30121,4353611,1409712,835891,728411,2407097,513350,227227,29234,2711,5577328,1056561,3426561,543107,1952420,959581,7289709,6032760,11653465,594282,9129447,400082,564202,26224,2018,6248594,668243,5869388,13857,73595,25219,249938,466503,92218,124873,5985,2293,329454,132993,3276779
Total Inputs,385108361,5515461,5694,681072,1012253,848618,13813011,5595086,12355151,12608885,1903568,2934954,1727338,19179668,3214014,4151026,4755,1957015,990656,1609826,186078,1254582,4828703,2069023,14389,1324590,57852567,16847964,10085397,1082450,9213322,4345856,7771197,902725,9468740,40194515,9352943,5081006,5450826,35441,6461063,1702550,1274179,891807,3692930,749658,302565,43187,3127,6956449,1288166,3856759,693343,2204729,1134350,9349201,7847940,13358068,725670,11087535,527697,821213,48612,2861,7113843,926988,6997633,21356,113067,34400,384191,628353,568756,199752,7032,8680,369170,200855,15040260
Products & By-products,408371845,4814407,12201,716344,961626,812536,12074624,5628150,11152715,13731763,2180751,3499971,2397887,19789849,3218992,4438278,5530,2062768,1000974,1765858,170062,1126478,5617373,1824309,16169,1322169,65828663,19181988,12080913,1353884,11858591,5149733,9153540,1123119,12226254,42746303,10311862,5654561,5937071,50272,6413680,1884482,1095291,895624,3410616,832902,309736,55379,3309,7619475,1460936,4184048,823186,2673072,1326808,9974351,8470496,14206133,774826,13062178,811882,802428,41316,3839,8526539,1007925,6487559,20518,104732,43640,481638,692633,73441,201891,5514,95,351428,107687,6132075
Value of Output,467621696,5946915,12675,752992,1081978,1066319,14325310,6025524,13475239,15308858,2335795,3861561,2659033,23308231,3889151,5329316,6318,2320528,1142863,1983528,199861,1392750,5960453,2967691,27769,1630156,66341604,20863045,12957427,1408560,13572797,5543329,9929132,1204398,13412250,47755392,10979444,6059574,7248338,50866,8198254,2137362,1575219,1069987,4552450,1066401,400301,67007,3364,8698775,1600912,4446934,898545,2771472,1422871,12175753,10042699,15265931,895200,13882938,932753,1010629,68459,3919,8924511,1186379,7485385,29137,135413,45886,581351,813754,758562,315223,11186,19122,388653,375070,19026961
Depreciation,12055754,38837,1549,10699,12737,42907,113846,66559,151150,396623,14632,150679,33449,895094,113007,106166,74,60695,22801,43423,1687,36340,261995,146718,576,37275,983920,897837,252081,61827,442440,150474,282855,77724,735920,1331526,274457,150953,141254,721,196845,68593,72590,27310,92021,19100,6857,2295,441,137251,41137,69918,24782,52804,30232,261149,195106,495031,23803,508777,28435,14913,4180,184,149917,22661,30722,2293,2724,1791,19063,24093,18525,4066,1323,4291,1063,18049,837910
Net Value Added,70457581,392617,5431,61221,56988,174794,398453,363878,968938,2303351,417595,775928,898246,3233469,562129,1072125,1488,302818,129407,330279,12096,101829,869755,751949,12804,268291,7505117,3117244,2619950,264282,3917035,1046999,1875081,223949,3207591,6229351,1352044,827615,1656258,14704,1540345,366219,228449,150870,767499,297642,90879,21526,-205,1605074,271609,520258,180420,513939,258289,2565402,1999653,1412832,145727,2286626,376620,174504,15667,873,1660751,236730,457029,5487,19622,9695,178097,161307,171281,111405,2832,6151,18420,156166,3148790
Rent Paid,1349336,4112,148,896,1628,9283,12550,9419,25327,45311,5423,12375,7040,29502,11240,78124,67,7887,5146,13724,384,4162,34022,30084,1304,18179,19656,44377,50887,1575,37319,8851,28121,7883,107891,85807,14029,7947,40469,160,25934,18671,9591,4754,18485,7877,3898,463,0,42837,10704,8444,3075,6312,6544,47169,36045,22194,7227,40247,4797,2591,1026,54,13713,8336,9055,112,220,144,13212,5276,6878,996,42,103,827,3381,135794
Interest Paid,8802079,82645,386,5859,23277,32858,151013,56437,330067,520550,12509,87477,22183,690640,109542,116458,74,60583,19653,41547,3175,41192,182486,96657,1461,38873,337986,410550,276801,15744,270022,57852,253917,43793,419696,1300797,219318,127767,132135,751,176667,46218,14306,25390,54428,25145,2830,4253,93,154693,30732,113833,17927,38003,28650,185366,166194,96032,26938,231405,53245,16390,2996,204,68031,23036,77898,387,3328,1577,16359,14145,11532,4978,165,1603,5838,9277,457259
Rent Received,275104,2045,0,73,963,1298,6078,1378,2568,11205,299,4730,1955,8524,4339,10712,0,567,1725,3407,133,739,4060,11550,89,2121,13243,12584,6352,396,28045,7261,6251,218,15594,7961,2646,2079,6246,3,5014,2517,4742,2681,1021,270,57,381,0,1505,177,2452,185,890,1660,7910,6829,3760,1364,7600,626,268,543,4,1432,3321,732,1,74,34,593,599,2870,152,0,0,1,507,22893
Interest Received,1274584,12834,103,298,1465,1857,19622,13876,14807,40907,2519,5713,5587,44515,13450,16785,0,5786,2359,3060,514,2681,11072,12394,281,3601,41931,64442,26418,2384,57450,4803,23102,2173,38914,147102,152194,13273,33516,58,17725,10770,654,3389,6595,8697,638,233,6,24292,7277,5705,1538,2376,4171,45020,35205,50033,1733,30870,7298,3797,869,14,14833,1485,77304,187,295,85,3055,4980,6558,315,251,101,4221,2246,45911
Net Income,60306166,305860,4897,54466,32082,132653,234890,298023,613545,1737490,399664,676077,869023,2513327,441347,877544,1348,234348,104608,275007,8537,56475,653247,625208,10039,211239,7147475,2662317,2292261,246963,3609694,980296,1593043,172273,2680004,4842747,1118697,691901,1483654,13793,1337745,301329,204553,120726,694587,264620,84151,16810,-298,1407544,230173,397980,159418,469624,223096,2332866,1797415,1294606,111562,2014974,318579,155522,11644,615,1579006,205358,370076,4988,16074,7974,148526,141886,152871,105432,2625,4445,11754,143507,2555737
Net Fixed Capital Formation,16309792,20635,-951,2230,9324,87079,196757,70182,150081,571421,21953,204484,28672,900649,74947,67815,-14,41208,16263,37904,1165,42734,183337,54505,-57,11717,368720,100740,174603,-23401,604290,315518,324887,101709,773553,5906376,308036,223800,-70045,1784,462951,24323,-19058,25459,49670,6605,5409,495,-434,151904,59483,108483,8432,66527,58108,660880,258645,295237,11826,436206,99687,19021,12878,-17,-93861,40000,29493,-1404,3745,4696,2143,33664,45620,-8014,-539,1250,456,10053,1535160
Gross Fixed Capital Formation,28365547,59472,598,12929,22061,129986,310604,136741,301232,968044,36585,355163,62121,1795743,187954,173981,60,101904,39064,81327,2852,79074,445332,201223,519,48991,1352639,998577,426684,38426,1046730,465992,607742,179433,1509473,7237902,582493,374753,71208,2504,659797,92916,53532,52769,141691,25705,12265,2790,7,289155,100620,178401,33214,119331,88340,922030,453751,790268,35629,944983,128122,33934,17058,167,56057,62661,60215,889,6468,6487,21206,57757,64145,-3947,784,5541,1519,28103,2373068
"Addition in Stock of Materials,Fuels etc.",7742594,102430,22,4465,-515,29140,270962,-21261,411388,101994,31625,42440,65619,967235,78555,90838,-662,48019,24284,42766,-1617,45568,106877,54584,238,65764,573499,-460761,268831,15399,291936,-85121,136841,-867,199743,1010817,296895,101537,153887,3680,125133,38549,6551,20464,55354,38832,20519,686,293,171011,30907,5895,22136,81841,60590,314512,417783,263283,23042,295753,18011,4134,4166,78,82363,21835,84746,-536,3566,386,24745,21162,6951,3605,-59,65,16467,13534,377173
Addition in Stock of Semi-Finished Goods,2707800,-2385,261,3441,127,2017,33456,29643,26025,10631,-672,4288,1558,175101,37386,56620,-68,32917,11747,24282,45,4090,18904,8222,0,360,541125,103903,41726,3848,150044,45264,54756,1563,99998,219889,143826,34044,111754,3378,73818,5201,4427,3056,673,13926,1675,1206,7,87831,12143,86407,3949,3470,13840,107437,-26920,6324,6945,98053,98190,-3753,2254,100,9007,8544,33943,-926,1344,502,14438,4619,-443,439,0,0,1010,277,1669
Addition in Stock of Finished Goods,5774460,178453,-46,17539,26225,42569,138230,-595,314376,750166,5980,15015,32692,571754,51221,20748,-316,37533,4708,23175,2452,22641,18025,-11894,-25,18650,331942,202122,121489,24820,131595,87705,91304,9744,124375,892395,64628,90713,42594,197,54461,3379,-15719,-4771,55663,14407,9721,-384,54,92977,59748,32927,8420,37697,10386,105391,56547,188962,162,59664,706,2412,-87,139,31903,189,106576,200,2790,-31,-1654,5990,338,-301,0,19,-151,-830,361662
Addition in Stock of Total,16224854,278497,237,25444,25837,73725,442647,7787,751789,862791,36932,61742,99868,1714089,167162,168206,-1047,118470,40739,90223,879,72299,143806,50912,213,84774,1446567,-154737,432045,44067,573575,47848,282901,10441,424116,2123101,505350,226294,308235,7255,253412,47128,-4741,18749,111690,67164,31915,1508,353,351819,102798,125229,34506,123009,84816,527340,447409,458569,30149,453470,116907,2793,6333,318,123272,30568,225265,-1261,7701,857,37529,31771,6846,3743,-59,84,17326,12981,740508
Addition in Stock of Gross Capital Formation,44590400,337969,835,38373,47898,203711,753251,144528,1053021,1830835,73517,416905,161989,3509833,355117,342186,-986,220373,79802,171551,3732,151373,589138,252136,732,133766,2799206,843840,858729,82493,1620305,513840,890643,189874,1933589,9361003,1087843,601046,379443,9759,913209,140045,48791,71518,253381,92870,44181,4298,361,640973,203419,303630,67720,242340,173156,1449369,901161,1248837,65778,1398453,245029,36726,23391,485,179329,93229,285481,-371,14169,7344,58736,89528,70991,-204,725,5625,18845,41083,3113574
Addition in Stock of Profits,39016161,238517,1287,32533,438,67507,105534,57098,366313,903037,348462,481736,673859,1185516,170929,178337,742,28265,12841,86393,2693,-14878,271252,301467,8382,139096,6583211,1811398,1689974,186529,2449630,688110,1146236,65440,1740669,3123324,751962,364650,929651,10209,802700,83995,151274,45499,549602,114549,53441,7398,-556,779696,136481,230587,89898,376176,129553,1368552,980471,704342,-1582,973775,223523,89660,402,-588,1212382,102180,165272,-630,3902,3702,84873,74115,62009,78137,1926,2064,6915,82228,2059886
,,,,,,,,,,,,,,,,,,,,,,,,,,,,,,,,,,,,,,,,,,,,,,,,,,,,,,,,,,,,,,,,,,,,,,,,,,,,,,,
